{"interfaceLanguages":{"swift":[{"children":[{"title":"Here is the detail for how to documentation","type":"groupMarker"},{"children":[{"title":"Instance Methods","type":"groupMarker"},{"path":"\/documentation\/documentationsample\/documentationsample\/a()","title":"func a()","type":"method"},{"path":"\/documentation\/documentationsample\/documentationsample\/add(x:y:)","title":"func add(x: Int, y: Int) -> Int","type":"method"},{"path":"\/documentation\/documentationsample\/documentationsample\/b()","title":"func b()","type":"method"},{"path":"\/documentation\/documentationsample\/documentationsample\/bb(x:y:)","title":"func bb(x: Int, y: Int)","type":"method"},{"path":"\/documentation\/documentationsample\/documentationsample\/c()","title":"func c()","type":"method"}],"path":"\/documentation\/documentationsample\/documentationsample","title":"documentationSample","type":"class"},{"title":"Articles","type":"groupMarker"},{"path":"\/documentation\/documentationsample\/gettingstarted","title":"Getting Started with Sloths","type":"article"},{"path":"\/documentation\/documentationsample\/secondarticle","title":"SecondArticle","type":"article"},{"title":"Structures","type":"groupMarker"},{"children":[{"title":"Initializers","type":"groupMarker"},{"path":"\/documentation\/documentationsample\/sloth\/init(name:)","title":"init(name: String)","type":"init"},{"title":"Instance Properties","type":"groupMarker"},{"path":"\/documentation\/documentationsample\/sloth\/name","title":"var name: String","type":"property"},{"title":"Instance Methods","type":"groupMarker"},{"path":"\/documentation\/documentationsample\/sloth\/eat(_:quantity:)","title":"func eat(String, quantity: Int) -> Int","type":"method"}],"path":"\/documentation\/documentationsample\/sloth","title":"Sloth","type":"struct"}],"path":"\/documentation\/documentationsample","title":"documentationSample","type":"module"}]},"schemaVersion":{"major":0,"minor":1,"patch":1}}